{"imageBefore":{"labelBefore":"July 11, 2011","imageBefore":{"library":"H5P.Image 1.1","subContentId":"83d7df28-f7f3-43df-af34-30dd034c368c","params":{"alt":"July 11, 2011","contentName":"Image","file":{"path":"images\/imageBefore-58dd4c667b96f.jpg","mime":"image\/jpeg","copyright":{"license":"PD","title":"2011 flooding in Ayutthaya Province-EO-1 merged","author":"NASA Earth Observatory image created by Jesse Allen and Robert Simmon","year":"2011","source":"https:\/\/en.wikipedia.org\/wiki\/File:2011_flooding_in_Ayutthaya_Province-EO-1_merged.jpg"},"width":1920,"height":1200}}}},"imageAfter":{"labelAfter":"October 23, 2011","imageAfter":{"library":"H5P.Image 1.1","subContentId":"6649477d-4e0a-43fc-88be-a688ea5e6ef6","params":{"alt":"October 23, 2011","contentName":"Image","file":{"path":"images\/imageAfter-58dd4cb3a5bc3.jpg","mime":"image\/jpeg","copyright":{"license":"PD","author":"NASA Earth Observatory image created by Jesse Allen and Robert Simmon","source":"https:\/\/en.wikipedia.org\/wiki\/File:2011_flooding_in_Ayutthaya_Province-EO-1_merged.jpg","title":"2011 flooding in Ayutthaya Province-EO-1 merged","year":"2011"},"width":1920,"height":1200}}}},"behavior":{"startingPosition":50,"sliderOrientation":"horizontal"}}