{
  "title": "Image Juxtaposition",
  "description": "Displays an interactive before/after image",
  "majorVersion": 1,
  "minorVersion": 4,
  "patchVersion": 1,
  "runnable": 1,
  "embedTypes": [
    "iframe"
  ],
  "author": "Oliver Tacke",
  "license": "MPL",
  "fullscreen": 1,
  "machineName": "H5P.ImageJuxtaposition",
  "coreApi": {
    "majorVersion": 1,
    "minorVersion": 15
  },
  "preloadedJs": [
    {
      "path": "dist/h5p-image-juxtaposition.js"
    }
  ],
  "preloadedCss": [
    {
      "path": "dist/h5p-image-juxtaposition.css"
    }
  ],
  "preloadedDependencies": [
    {
      "machineName": "H5P.Question",
      "majorVersion": 1,
      "minorVersion": 4
    },
    {
      "machineName": "H5P.JoubelUI",
      "majorVersion": 1,
      "minorVersion": 3
    }
  ],
  "editorDependencies": [
    {
      "machineName": "H5PEditor.ColorSelector",
      "majorVersion": 1,
      "minorVersion": 2
    }
  ]
}
